{"epoch": 3, "train_loss_epoch": 0.6898658871650696, "train_auc_epoch": 0.5527854230121606, "train_acc_epoch": 0.5390358361774744, "valid_auc_epoch": 0.580229722264374, "valid_acc_epoch": 0.5621890547263682, "_timestamp": 1704767524.636587, "_runtime": 26.485029935836792, "_step": 3}