{"epoch": 9, "train_loss_epoch": 0.6889349222183228, "train_auc_epoch": 0.5524771015227362, "train_acc_epoch": 0.5426621160409556, "valid_auc_epoch": 0.5840858666555584, "valid_acc_epoch": 0.572139303482587, "_timestamp": 1704767682.0735984, "_runtime": 47.868896484375, "_step": 9, "_wandb": {"runtime": 47}}