{"epoch": 19, "train_loss_epoch": 0.5916463732719421, "train_auc_epoch": 0.7508755072216696, "train_acc_epoch": 0.6919795221843004, "valid_auc_epoch": 0.7410958075339621, "valid_acc_epoch": 0.6845771144278607, "_timestamp": 1704723335.8865893, "_runtime": 90.99993824958801, "_step": 19, "_wandb": {"runtime": 90}}