{"epoch": 19, "train_loss_epoch": 0.5935835242271423, "train_auc_epoch": 0.7487079579216833, "train_acc_epoch": 0.6958191126279863, "valid_auc_epoch": 0.7407476833875355, "valid_acc_epoch": 0.6771144278606965, "_timestamp": 1704768845.0650089, "_runtime": 84.26333594322205, "_step": 19, "_wandb": {"runtime": 83}}