{"epoch": 9, "train_loss_epoch": 0.03398468717932701, "train_auc_epoch": 0.9999994530074109, "train_acc_epoch": 0.9993600682593856, "valid_auc_epoch": 1.0, "valid_acc_epoch": 1.0, "_timestamp": 1704779177.4024136, "_runtime": 50.625505685806274, "_step": 9, "_wandb": {"runtime": 49}}